source,target,value
0,1,0.9963
2,0,0.9835
3,4,0.9292
3,172,0.7162
5,6,0.8752
7,8,0.8744000000000001
8,74,0.7819
8,175,0.7275
9,10,0.8709
9,29,0.8308
9,35,0.7921
10,182,0.7193
11,12,0.8654
11,43,0.7791
11,218,0.6848000000000001
12,20,0.8444
12,152,0.7429
13,14,0.8589
13,42,0.7993
14,5,0.8328
15,5,0.8568
16,17,0.8552
16,173,0.7283
18,19,0.852
18,51,0.5799000000000001
21,22,0.8399
21,116,0.7652
21,160,0.7387
22,23,0.8365
24,6,0.8363
25,26,0.836
27,28,0.8357
28,191,0.7111000000000001
29,158,0.7424
30,31,0.8291999999999999
30,47,0.8051
32,33,0.8274
32,16,0.7498
32,249,0.6524
33,57,0.7987
34,35,0.8230999999999999
34,11,0.8138
34,115,0.7286
36,37,0.8178
38,24,0.8170999999999999
38,26,0.8067
39,40,0.8156
40,191,0.6625
41,42,0.8144
41,31,0.7677
41,133,0.7608
42,159,0.7405999999999999
43,37,0.8102
44,6,0.8082
45,46,0.8059000000000001
45,235,0.6705
46,169,0.6498999999999999
47,118,0.7651
48,49,0.8045
49,105,0.7709
50,51,0.8029999999999999
50,68,0.7201
50,270,0.5292
52,27,0.8006
52,97,0.7746
52,98,0.774
52,87,0.6875
53,54,0.7995
55,56,0.7988
55,85,0.6936
56,150,0.7509
58,26,0.7953
58,79,0.7818
59,60,0.7917
61,62,0.7899
61,107,0.7371
61,153,0.7122999999999999
61,156,0.6984
63,64,0.7899
64,87,0.6233
65,66,0.788
67,31,0.7873
68,54,0.7864
68,171,0.7262
69,49,0.7854
70,71,0.7852
70,174,0.7276
70,105,0.6933
72,73,0.7847
74,75,0.7847
76,77,0.7843
76,215,0.6890000000000001
78,54,0.7834
78,1,0.6748000000000001
78,273,0.6088
80,81,0.7817000000000001
81,146,0.7544
81,154,0.7374
82,83,0.7811
82,91,0.7692
82,157,0.7452
83,106,0.7709
83,129,0.7621
84,85,0.781
85,199,0.7048
86,87,0.78
86,95,0.7419
88,6,0.7793
89,49,0.7789
89,102,0.6688000000000001
90,91,0.7784
91,42,0.7601
92,93,0.7783
92,105,0.7070000000000001
92,209,0.6958
94,27,0.7761
95,96,0.7751
97,219,0.6568
99,100,0.772
99,187,0.7131000000000001
99,188,0.7127
100,117,0.7652
100,134,0.7605
100,152,0.7297
101,102,0.7719
101,257,0.6449
103,104,0.7715
104,144,0.756
105,232,0.6738999999999999
106,191,0.7078
107,108,0.7708
107,103,0.7139
109,38,0.7692
110,111,0.7683
110,60,0.7577
111,154,0.7111000000000001
112,107,0.7682
112,227,0.6484
113,94,0.7666999999999999
114,115,0.7661
119,120,0.7637
121,122,0.7637
121,202,0.7032
123,54,0.763
123,74,0.7298
123,163,0.6952
124,120,0.7628
124,126,0.7628
125,24,0.7628
126,23,0.7422
127,128,0.7626
129,201,0.7021
129,150,0.6874
130,131,0.7618
130,41,0.694
132,110,0.7609
135,136,0.7596
136,187,0.6738
137,138,0.7594
139,120,0.7591
140,73,0.759
141,20,0.7589
142,143,0.7561
142,162,0.7204999999999999
142,183,0.7192000000000001
143,137,0.7112
145,133,0.7545999999999999
147,129,0.7538
148,48,0.752
148,254,0.5822
149,121,0.7515000000000001
149,178,0.7257
149,230,0.6725
151,58,0.7508
152,153,0.7507
154,150,0.7507
155,156,0.7505
155,73,0.7469
155,248,0.6561
156,274,0.6028
157,167,0.7348
157,263,0.5982000000000001
160,166,0.7362
161,162,0.7382
161,141,0.7073
161,216,0.6819999999999999
162,66,0.6785
163,164,0.7373000000000001
165,93,0.7367
165,127,0.6597
168,169,0.7345999999999999
170,68,0.734
171,172,0.7314
173,84,0.7229
173,22,0.7221
173,168,0.6961999999999999
176,26,0.7267
176,177,0.7263
179,154,0.7254
180,181,0.7252000000000001
180,31,0.7074
184,31,0.7191000000000001
185,67,0.7183999999999999
186,83,0.7161
188,266,0.6256999999999999
189,180,0.7121
190,156,0.7118
192,97,0.7101
192,3,0.6648000000000001
193,98,0.7076
194,195,0.7067
194,206,0.626
195,204,0.6175999999999999
195,283,0.5746
196,40,0.7057
197,198,0.7050000000000001
198,206,0.702
200,201,0.7038
202,210,0.6759
202,231,0.6745
203,204,0.7028
205,96,0.7027
205,258,0.6444
206,219,0.6838
206,238,0.6695
207,94,0.7013
208,157,0.7011000000000001
208,239,0.6686000000000001
209,57,0.6885
210,211,0.6946
212,213,0.6928000000000001
212,60,0.5718
214,191,0.6897
215,23,0.6799
216,180,0.6879
217,169,0.6858
220,221,0.6819999999999999
220,230,0.6756
222,223,0.6819999999999999
223,264,0.6265000000000001
224,144,0.6806
225,26,0.6788000000000001
225,236,0.6702
226,227,0.6778
228,203,0.6763
229,154,0.6759999999999999
233,71,0.6738
233,231,0.6712
234,180,0.6736
237,122,0.6698
240,241,0.6671
241,263,0.5893999999999999
242,94,0.6666000000000001
242,260,0.6396
243,230,0.6665
244,86,0.6641
245,187,0.6629
246,231,0.6598999999999999
247,134,0.6589
250,106,0.6507000000000001
251,239,0.6505000000000001
252,43,0.6488
253,254,0.6485000000000001
255,88,0.6462
256,134,0.6451
259,146,0.643
261,101,0.6383
262,263,0.636
262,281,0.5757
264,163,0.631
265,248,0.6271
267,256,0.6234999999999999
268,158,0.6215999999999999
269,126,0.6133
270,271,0.6128
272,129,0.6106
275,93,0.5991
276,19,0.5936
277,28,0.5928
278,216,0.5885
279,203,0.5885
280,199,0.5791999999999999
282,246,0.5747
284,181,0.5723
285,254,0.5720000000000001
286,96,0.544
287,194,0.5378000000000001
288,267,0.5278
289,126,0.5214
290,220,0.5208999999999999
291,252,0.43610000000000004
292,200,0.3143
1,2,0.982
6,14,0.8301000000000001
10,29,0.8299
6,15,0.8278
11,20,0.8210999999999999
21,23,0.8188
14,15,0.8161
12,34,0.8068
5,24,0.8064
24,44,0.7908
15,42,0.7899
13,15,0.7856
5,13,0.7829
53,68,0.7797000000000001
32,57,0.7783
5,88,0.7759
12,35,0.7743
8,75,0.7743
11,35,0.7738
13,41,0.7724
25,58,0.7698
14,42,0.7672
5,58,0.767
25,38,0.7655000000000001
15,79,0.7643
5,26,0.764
15,24,0.7622
6,38,0.7619
89,105,0.7617
5,42,0.7601
120,126,0.7588
26,79,0.7582
30,41,0.7578
38,58,0.7574
15,41,0.7563
20,34,0.7556
47,58,0.7541
15,58,0.753
5,38,0.7523
30,58,0.752
30,118,0.7514000000000001
59,132,0.7514000000000001
12,43,0.7505999999999999
6,13,0.7501
24,109,0.75
5,79,0.7494000000000001
83,91,0.7474000000000001
15,38,0.7457
10,35,0.7452
38,82,0.7446999999999999
26,91,0.7445999999999999
38,125,0.7444
47,67,0.7442
119,124,0.7441
38,91,0.7441
6,42,0.7435
49,148,0.7425999999999999
24,26,0.7416
67,106,0.7415
126,139,0.7404
30,67,0.7403
82,90,0.7394000000000001
17,32,0.7391
42,58,0.7379
48,69,0.7368
12,37,0.7361
28,52,0.7355
23,120,0.735
17,57,0.7348
41,91,0.7347
5,159,0.7343
13,91,0.7343
15,44,0.7343
16,57,0.7331
60,132,0.7327
27,97,0.7324999999999999
79,109,0.7324999999999999
15,25,0.7323999999999999
41,145,0.7315
35,37,0.7313000000000001
31,47,0.7312000000000001
38,79,0.7309
6,26,0.7308
44,125,0.7308
25,30,0.7307
15,26,0.7303
5,25,0.73
41,159,0.7293000000000001
14,44,0.7293000000000001
41,79,0.7292000000000001
106,129,0.7291000000000001
14,88,0.7284999999999999
28,94,0.7282
124,139,0.7281
5,44,0.728
133,159,0.7274
122,149,0.7252000000000001
38,44,0.7252000000000001
25,47,0.7247
22,126,0.7244999999999999
69,89,0.724
41,58,0.7219
91,157,0.7217
47,79,0.7212000000000001
82,125,0.7207
121,178,0.7206
87,95,0.7203999999999999
71,174,0.7202
35,115,0.7198
20,43,0.7194
83,157,0.7188
9,34,0.7186
79,133,0.7181
29,182,0.718
29,35,0.7179
42,79,0.7179
25,79,0.7170000000000001
12,158,0.7166
159,177,0.7159
73,156,0.7155
14,41,0.7154
7,171,0.7150000000000001
14,159,0.7143999999999999
31,133,0.714
34,152,0.7138
6,58,0.7138
68,172,0.7138
91,125,0.7131000000000001
9,152,0.7131000000000001
9,182,0.7129
12,141,0.7128
26,109,0.7125
20,35,0.7125
31,58,0.7121999999999999
107,153,0.7121
82,129,0.7117
14,24,0.7116
118,151,0.7115
6,125,0.7107
24,176,0.7102999999999999
7,172,0.7098
79,177,0.7096
6,159,0.7092
29,152,0.7091000000000001
5,41,0.7091000000000001
8,78,0.7090000000000001
69,105,0.7081
42,145,0.7076
10,152,0.7070000000000001
7,74,0.7069
137,142,0.7069
12,115,0.7068
22,160,0.7068
31,185,0.7066
79,91,0.7065
17,33,0.706
68,123,0.7054
15,88,0.7053
11,37,0.7053
34,43,0.7047
7,75,0.7044
22,84,0.7041999999999999
147,157,0.704
13,159,0.704
24,91,0.7039
29,115,0.7038
15,159,0.7037
12,188,0.7033
25,41,0.7031000000000001
31,145,0.7031000000000001
30,79,0.7028
12,29,0.702
83,147,0.702
111,179,0.7019
48,89,0.7016
26,83,0.7015
38,42,0.7013
16,33,0.7012
47,151,0.7008
74,175,0.7008
58,159,0.7006
41,47,0.7005
95,205,0.7005
83,90,0.7001999999999999
41,67,0.7
29,34,0.6999
25,31,0.6995
119,126,0.6993
5,177,0.6993
22,85,0.6988
38,83,0.6986
42,133,0.6981999999999999
3,68,0.698
30,184,0.6976
26,177,0.6975
15,91,0.6974
6,25,0.6973
82,106,0.6971
88,159,0.6964
7,78,0.6962999999999999
157,201,0.6962999999999999
14,58,0.6960999999999999
150,179,0.6960999999999999
26,42,0.6955
4,172,0.6954
26,82,0.6952
13,58,0.6950000000000001
58,91,0.6946
42,90,0.6945
4,7,0.6944
20,37,0.6940999999999999
133,177,0.6940999999999999
132,168,0.6933
53,123,0.6932
35,36,0.6931
58,109,0.6929000000000001
79,145,0.6925
14,26,0.6923
55,150,0.6923
35,43,0.6920999999999999
41,184,0.692
79,151,0.6915
25,42,0.6913
75,175,0.6912
5,176,0.6911
30,180,0.6907
79,159,0.6903
79,118,0.6901999999999999
34,37,0.69
108,112,0.6896
13,130,0.6894
13,90,0.6892
17,173,0.6889000000000001
67,79,0.6889000000000001
11,115,0.6889000000000001
13,30,0.6887
13,25,0.6884
20,115,0.6881999999999999
53,163,0.6880999999999999
14,38,0.6879
187,188,0.6878
90,125,0.6872
30,151,0.687
7,123,0.687
7,54,0.6869000000000001
137,183,0.6867
24,42,0.6866
24,25,0.6863
13,79,0.6863
145,159,0.6861999999999999
138,183,0.6861999999999999
24,82,0.6859
15,30,0.6859
82,147,0.6856
123,164,0.6853
169,209,0.6851
38,90,0.6851
6,79,0.685
91,201,0.6846
23,116,0.6845
197,206,0.6845
26,159,0.6838
9,115,0.6836
37,188,0.6836
100,190,0.6836
110,173,0.6836
52,95,0.6835
41,118,0.6835
109,125,0.6834
14,79,0.6832
58,133,0.6829000000000001
86,96,0.6827
44,88,0.6825
14,25,0.6825
58,118,0.6824
30,42,0.6823
54,163,0.6821999999999999
147,167,0.6819999999999999
71,105,0.6818
13,26,0.6818
13,38,0.6815
80,113,0.6815
62,107,0.6814
122,202,0.6802
8,123,0.6802
4,54,0.6799999999999999
31,42,0.6799
209,217,0.6799
99,152,0.6799
55,129,0.6797
31,79,0.6794
68,163,0.6793
61,108,0.679
15,151,0.6789000000000001
15,177,0.6788000000000001
67,145,0.6788000000000001
82,201,0.6788000000000001
161,184,0.6783
22,120,0.6780999999999999
42,44,0.6780999999999999
33,209,0.6779
159,184,0.6778
189,216,0.6773
31,191,0.6772
42,125,0.6772
25,91,0.677
10,34,0.6769000000000001
54,171,0.6767000000000001
140,155,0.6767000000000001
31,118,0.6767000000000001
27,98,0.6763
6,177,0.6762
24,177,0.6760999999999999
167,208,0.6759
4,68,0.6754
42,130,0.6751
170,172,0.6751
50,53,0.6748000000000001
42,184,0.6743
82,109,0.6738999999999999
106,147,0.6737
23,139,0.6732
24,90,0.6731
15,145,0.6731
152,188,0.6729
22,139,0.6728000000000001
0,78,0.6727000000000001
145,184,0.6727000000000001
152,158,0.6725
50,123,0.6723
72,155,0.6718999999999999
3,7,0.6718999999999999
5,151,0.6713
129,157,0.671
24,58,0.6709
15,125,0.6706
91,159,0.6698
89,232,0.6697
56,129,0.6697
24,88,0.6695
62,152,0.6694
26,41,0.6692
28,97,0.6691
65,142,0.6689
115,152,0.6683
26,47,0.6683
68,78,0.6677
54,170,0.6677
11,141,0.6676
38,176,0.6674
157,200,0.6674
31,181,0.6673
86,205,0.6669
80,146,0.6669
54,74,0.6669
180,191,0.6666000000000001
30,133,0.6658
93,237,0.6658
62,108,0.6655
14,177,0.6654
5,91,0.665
67,191,0.6649
23,173,0.6647000000000001
91,133,0.6638999999999999
75,123,0.6638999999999999
129,200,0.6637
26,133,0.6634
122,178,0.6633
38,41,0.6632
62,153,0.6631
83,201,0.663
36,182,0.6629
2,78,0.6627000000000001
104,114,0.6627000000000001
50,54,0.6627000000000001
172,192,0.6624
14,91,0.6623
59,110,0.6621
155,190,0.6617999999999999
119,139,0.6617999999999999
165,187,0.6617
15,47,0.6616
103,108,0.6612
13,145,0.6612
58,177,0.6611
13,24,0.6609
13,184,0.6606000000000001
52,86,0.6605
58,67,0.6605
106,185,0.6604
90,186,0.6604
123,171,0.6603
197,219,0.6599999999999999
87,196,0.6599999999999999
130,159,0.6598999999999999
84,179,0.6598999999999999
30,185,0.6595
25,67,0.6595
52,94,0.6594
140,156,0.6594
142,180,0.6593
142,181,0.6592
196,244,0.6591
15,133,0.6588
54,172,0.6584
53,78,0.6584
16,168,0.6584
72,140,0.6583
67,133,0.6582
152,190,0.6581
34,158,0.6578999999999999
84,126,0.6577
50,164,0.6577
102,105,0.6573
24,79,0.6572
25,109,0.6571
126,173,0.6571
127,243,0.6568
91,129,0.6565
142,161,0.6564
21,120,0.6563
6,91,0.6563
65,137,0.6562
111,173,0.6562
10,115,0.6561
117,152,0.6558999999999999
171,192,0.6558999999999999
141,158,0.6558999999999999
60,146,0.6558999999999999
91,145,0.6557999999999999
26,90,0.6557
79,176,0.6555
74,78,0.6554
109,177,0.6554
23,124,0.655
70,121,0.6548
118,180,0.6546000000000001
23,85,0.6545000000000001
89,148,0.6542
8,171,0.6542
6,176,0.654
20,158,0.6538999999999999
86,219,0.6537
85,139,0.6537
47,106,0.6534
150,229,0.6534
31,106,0.6534
26,30,0.6533
23,84,0.6532
95,219,0.6532
171,197,0.6531
4,74,0.6531
82,186,0.6529
145,185,0.6529
32,209,0.6527000000000001
42,47,0.6524
117,134,0.6524
123,238,0.6522
36,43,0.6522
115,117,0.6517999999999999
87,244,0.6517
65,161,0.6517
170,171,0.6516
62,156,0.6515
61,152,0.6515
141,189,0.6515
103,112,0.6515
136,165,0.6515
89,92,0.6513
66,142,0.6513
14,30,0.6507000000000001
5,30,0.6505000000000001
152,248,0.6504
75,238,0.6502
143,183,0.6502
93,136,0.6501
111,150,0.6501
65,162,0.65
133,151,0.65
47,156,0.6498999999999999
202,233,0.6498999999999999
40,106,0.6497999999999999
25,83,0.6497999999999999
113,207,0.6496
13,72,0.6494
6,109,0.6494
149,233,0.6488
85,129,0.6487
85,150,0.6484
85,179,0.6478999999999999
9,12,0.6477999999999999
73,79,0.6476999999999999
22,150,0.6476
34,218,0.6476
77,220,0.6476
6,41,0.6471
117,153,0.6469
14,184,0.6467
159,176,0.6467
60,111,0.6466000000000001
125,201,0.6465000000000001
127,218,0.6463
38,157,0.6463
42,151,0.6462
30,145,0.646
24,159,0.6457999999999999
192,197,0.6457999999999999
27,207,0.6457999999999999
13,133,0.6456999999999999
185,191,0.6454
40,214,0.6454
159,255,0.6453
198,219,0.6453
14,130,0.6452
83,250,0.6452
38,47,0.6451
78,171,0.645
112,226,0.6449
114,144,0.6448
31,216,0.6448
30,191,0.6447
103,144,0.6447
181,216,0.6445000000000001
117,190,0.6444
84,139,0.6444
28,98,0.6443
83,125,0.6443
72,79,0.6441
53,172,0.644
237,243,0.6437999999999999
185,234,0.6435
44,109,0.6431
108,153,0.6431
41,90,0.6428
125,145,0.6427
22,215,0.6425000000000001
143,181,0.6424000000000001
4,8,0.6424000000000001
200,239,0.6424000000000001
42,177,0.6423
138,142,0.6422
189,191,0.642
61,190,0.642
11,152,0.6419
15,31,0.6419
53,170,0.6419
65,183,0.6414
13,44,0.6414
122,233,0.641
13,31,0.641
104,224,0.6409
28,106,0.6408
47,191,0.6407
130,151,0.6406000000000001
170,192,0.6403
90,201,0.6401
99,134,0.64
5,133,0.64
46,77,0.6395
26,157,0.6393
26,44,0.6391
92,232,0.639
78,123,0.639
15,109,0.639
55,84,0.639
71,220,0.6389
13,47,0.6389
84,150,0.6388
80,142,0.6388
13,125,0.6387
56,154,0.6387
62,190,0.6386000000000001
9,158,0.6384000000000001
143,162,0.6383
15,184,0.6383
33,249,0.6383
137,162,0.6382
47,180,0.6381
49,102,0.6377999999999999
91,106,0.6376999999999999
26,125,0.6376999999999999
180,183,0.6372
78,172,0.6372
58,82,0.637
8,172,0.6367
147,201,0.6364000000000001
85,173,0.6362
109,176,0.6361
51,123,0.636
55,154,0.6359
200,208,0.6356999999999999
93,187,0.6355999999999999
118,130,0.6353
4,123,0.6352
82,250,0.6349
68,192,0.6349
110,168,0.6348
39,196,0.6347
141,216,0.6347
30,159,0.6346
104,115,0.6344000000000001
16,209,0.6341
90,157,0.634
70,221,0.6337999999999999
67,118,0.6335999999999999
91,109,0.6335999999999999
97,98,0.6335
150,160,0.6335
25,159,0.6335
42,82,0.6333
218,243,0.6333
210,243,0.6332
35,182,0.6332
28,40,0.6332
25,118,0.6331
106,186,0.633
70,178,0.6328
7,175,0.6327
5,109,0.6326
27,113,0.6324000000000001
87,96,0.6324000000000001
38,177,0.6323
199,208,0.6323
58,176,0.6322
3,54,0.6321
91,130,0.6321
91,177,0.632
181,189,0.6317999999999999
15,90,0.6317999999999999
133,184,0.6316999999999999
7,238,0.6315999999999999
42,88,0.6315999999999999
100,153,0.6315
149,202,0.6314
8,54,0.6314
71,221,0.6312
47,130,0.6312
25,177,0.6308
13,177,0.6308
82,208,0.6307
3,171,0.6306
7,68,0.6305000000000001
181,183,0.6304000000000001
12,153,0.6304000000000001
51,68,0.6304000000000001
31,159,0.6303000000000001
181,186,0.6302
40,129,0.63
30,216,0.6295999999999999
41,151,0.6294
26,151,0.6293
5,125,0.6293
21,139,0.6292
73,177,0.6291
10,158,0.6288
80,94,0.6287
109,151,0.6285000000000001
58,88,0.6284000000000001
72,156,0.6282
25,151,0.6279
118,156,0.6278
6,90,0.6275999999999999
50,163,0.6275999999999999
35,218,0.6274
72,118,0.6274
125,133,0.6273
33,69,0.6272
219,260,0.6271
22,179,0.627
26,145,0.6268
121,233,0.6268
91,176,0.6266
143,216,0.6265000000000001
53,171,0.6265000000000001
111,229,0.6265000000000001
85,160,0.6263000000000001
50,170,0.6262
25,106,0.6262
31,151,0.6262
38,159,0.6261
67,83,0.6259
30,130,0.6259
60,168,0.6258
25,82,0.6258
113,214,0.6258
25,225,0.6258
13,88,0.6256999999999999
58,83,0.6256999999999999
95,97,0.6255999999999999
12,36,0.6255
145,177,0.6255
51,194,0.6254
48,105,0.6254
16,169,0.6253
11,158,0.6252
128,218,0.6252
4,192,0.6251
151,177,0.625
133,176,0.625
30,38,0.6249
13,73,0.6249
130,184,0.6249
50,171,0.6249
153,188,0.6246
62,114,0.6246
5,72,0.6243000000000001
26,88,0.6243000000000001
79,125,0.6242
143,180,0.6241
25,185,0.6239
151,159,0.6239
202,246,0.6239
31,189,0.6239
105,121,0.6236999999999999
202,243,0.6235999999999999
44,91,0.6235999999999999
23,160,0.6235999999999999
67,180,0.6234999999999999
22,116,0.6234
75,197,0.6234
26,106,0.6233
26,31,0.6232
150,166,0.6232
55,81,0.6232
41,125,0.6231
210,230,0.6229
86,206,0.6226
38,133,0.6223000000000001
25,191,0.6222
42,72,0.6221
25,133,0.6221
14,90,0.6221
81,84,0.622
92,165,0.622
106,214,0.6219
42,67,0.6216999999999999
113,242,0.6214999999999999
139,160,0.6214
111,132,0.6214
135,187,0.6213
107,117,0.6213
122,230,0.6212
21,150,0.6212
17,209,0.6212
47,83,0.6211
65,180,0.621
217,249,0.6209
74,238,0.6209
152,156,0.6207
15,130,0.6206
8,238,0.6205
118,155,0.6203000000000001
189,214,0.6201
137,181,0.6199
24,145,0.6199
58,130,0.6199
114,224,0.6194999999999999
180,185,0.6194999999999999
3,74,0.6194999999999999
41,82,0.6194999999999999
120,160,0.6192
93,127,0.6192
138,143,0.6191
5,47,0.619
3,8,0.6188
15,176,0.6185
46,76,0.6183000000000001
85,120,0.6182000000000001
106,133,0.6181
149,237,0.6181
24,133,0.618
81,132,0.618
25,44,0.6174999999999999
63,87,0.6174999999999999
58,145,0.6173
38,106,0.6173
4,171,0.6172
10,36,0.6171
174,233,0.617
201,239,0.6169
25,176,0.6168
42,118,0.6164000000000001
23,119,0.6164000000000001
45,199,0.6164000000000001
53,264,0.6163000000000001
181,191,0.6162000000000001
63,86,0.616
129,214,0.616
198,204,0.6158
4,53,0.6157
82,133,0.6157
70,149,0.6155999999999999
5,90,0.6154999999999999
34,141,0.6154
4,78,0.6154
13,82,0.6154
41,106,0.6153
81,110,0.6153
142,216,0.615
20,224,0.6149
118,133,0.6149
147,200,0.6149
21,56,0.6148
27,242,0.6148
91,147,0.6147
41,83,0.6147
14,72,0.6147
92,237,0.6147
199,200,0.6147
10,12,0.6147
59,235,0.6146
79,140,0.6145
107,152,0.6145
26,67,0.6144000000000001
162,184,0.6141
97,197,0.6139
35,152,0.6138
79,83,0.6137
115,158,0.6137
147,250,0.6137
66,137,0.6134999999999999
81,113,0.6134999999999999
55,235,0.6132
56,85,0.613
247,267,0.613
122,243,0.6129
42,83,0.6128
65,184,0.6127
61,112,0.6126
181,184,0.6126
9,11,0.6125
15,118,0.6125
184,216,0.6125
6,151,0.6124
79,82,0.6124
86,97,0.6123000000000001
109,133,0.6123000000000001
63,244,0.6123000000000001
30,181,0.6121
25,130,0.612
178,230,0.6119
109,157,0.6119
70,233,0.6118
83,109,0.6117
21,126,0.6114999999999999
62,112,0.6114999999999999
62,158,0.6114999999999999
110,154,0.6113
14,125,0.6112
38,88,0.6112
73,190,0.6109
127,230,0.6107
49,92,0.6106
65,216,0.6105
66,161,0.6104
199,235,0.6104
67,181,0.6103000000000001
38,67,0.6103000000000001
41,131,0.6101
85,126,0.61
88,177,0.61
52,96,0.61
67,184,0.6099
41,177,0.6098
78,170,0.6098
230,233,0.6098
94,98,0.6097
106,157,0.6095999999999999
153,265,0.6093
79,90,0.6093
14,151,0.6091
143,161,0.6091
30,189,0.6091
20,29,0.6089
167,199,0.6089
82,167,0.6087
112,153,0.6087
68,74,0.6086
38,145,0.6085
84,154,0.6084
66,143,0.6082000000000001
157,239,0.6082000000000001
16,217,0.6082000000000001
78,175,0.6081
25,184,0.6078
233,243,0.6075999999999999
87,98,0.6075999999999999
132,173,0.6074999999999999
86,196,0.6074999999999999
129,229,0.6073999999999999
8,198,0.6073
153,158,0.6072
47,133,0.6072
38,225,0.6071
157,199,0.607
9,36,0.607
146,242,0.6069
58,125,0.6068
219,238,0.6068
26,147,0.6067
127,187,0.6066
106,125,0.6066
17,168,0.6064
105,148,0.6064
180,193,0.6063000000000001
34,36,0.6063000000000001
161,189,0.6063000000000001
79,156,0.6063000000000001
73,118,0.6063000000000001
12,218,0.6062000000000001
125,157,0.6062000000000001
197,238,0.6062000000000001
121,237,0.6062000000000001
4,75,0.6061000000000001
104,107,0.6059
73,248,0.6058
114,152,0.6058
61,72,0.6058
129,199,0.6057
47,72,0.6056
84,199,0.6054999999999999
3,170,0.6054999999999999
62,104,0.6053999999999999
6,133,0.6053
171,258,0.6051
25,90,0.605
3,53,0.605
91,200,0.6049
176,225,0.6049
44,90,0.6048
63,206,0.6047
87,205,0.6046
140,177,0.6044
79,106,0.6043000000000001
25,125,0.6043000000000001
15,67,0.6042000000000001
114,190,0.6042000000000001
65,143,0.6042000000000001
82,200,0.6041000000000001
14,145,0.604
76,220,0.6038
84,111,0.6036
16,249,0.6034999999999999
13,151,0.6033999999999999
14,73,0.6033999999999999
58,184,0.6033999999999999
85,200,0.6033999999999999
75,206,0.6033
34,153,0.6032
134,190,0.6032
90,129,0.603
5,145,0.6028
64,244,0.6028
58,106,0.6028
218,237,0.6027
30,156,0.6026
69,92,0.6026
5,184,0.6026
61,155,0.6026
6,82,0.6025
70,122,0.6024
48,101,0.6023000000000001
22,124,0.6023000000000001
49,101,0.6021000000000001
42,255,0.6021000000000001
118,216,0.6019
207,242,0.6019
35,188,0.6018
28,207,0.6017
5,255,0.6016
116,160,0.6016
70,148,0.6016
51,164,0.6014999999999999
123,172,0.6012
72,177,0.6012
61,73,0.601
25,145,0.6008
28,214,0.6008
7,197,0.6004
89,101,0.6004
44,82,0.6002000000000001
147,208,0.6002000000000001
31,130,0.6002000000000001
90,133,0.6002000000000001
27,191,0.6001000000000001
15,72,0.5999
26,72,0.5997
53,164,0.5997
21,215,0.5996
5,130,0.5993999999999999
31,234,0.5993999999999999
29,36,0.5992
114,117,0.5989
6,145,0.5989
92,217,0.5989
64,86,0.5987
95,244,0.5987
106,201,0.5986
59,168,0.5985
93,209,0.5985
91,186,0.5985
131,155,0.5984
62,103,0.5981000000000001
178,233,0.598
88,176,0.5979
51,204,0.5979
43,261,0.5978
11,117,0.5977
22,199,0.5977
43,188,0.5977
152,182,0.5977
26,250,0.5976
109,225,0.5976
216,274,0.5971
153,248,0.597
122,210,0.5969
180,214,0.5967
87,97,0.5967
75,198,0.5967
25,156,0.5966
247,265,0.5966
38,250,0.5965
80,214,0.5964
47,185,0.5964
189,274,0.5963
147,214,0.5962000000000001
106,145,0.5962000000000001
242,259,0.5961000000000001
48,102,0.5961000000000001
41,185,0.596
167,200,0.5959
151,180,0.5957
47,73,0.5956
13,118,0.5956
40,272,0.5956
5,73,0.5956
46,235,0.5956
30,72,0.5956
8,197,0.5954999999999999
129,250,0.5953999999999999
209,275,0.5953999999999999
34,188,0.5953999999999999
44,58,0.5952999999999999
14,47,0.5952
126,215,0.5952
31,38,0.595
85,201,0.595
85,154,0.595
178,202,0.5949
58,90,0.5949
54,164,0.5949
222,264,0.5945
188,245,0.5945
133,191,0.5944
68,264,0.5943
147,199,0.5942000000000001
179,229,0.5942000000000001
11,153,0.5942000000000001
171,238,0.5942000000000001
127,237,0.5938
11,29,0.5938
198,238,0.5937
128,165,0.5936
130,255,0.5936
58,255,0.5936
65,181,0.5936
118,131,0.5936
25,72,0.5935
132,169,0.5935
41,191,0.5933999999999999
202,230,0.5932999999999999
10,100,0.5932999999999999
78,163,0.5932999999999999
71,149,0.5932999999999999
110,169,0.593
91,208,0.593
123,175,0.5928
247,256,0.5927
133,185,0.5927
173,179,0.5927
24,225,0.5926
11,252,0.5925
6,184,0.5925
106,181,0.5924
25,88,0.5923
44,159,0.5923
40,180,0.5920000000000001
35,101,0.5918
106,272,0.5917
15,73,0.5917
3,75,0.5917
42,73,0.5916
157,250,0.5913999999999999
9,101,0.5912999999999999
21,173,0.5912999999999999
3,123,0.5912999999999999
185,214,0.5912
137,180,0.5907
59,146,0.5907
41,72,0.5906
90,159,0.5906
180,184,0.5906
187,275,0.5905
28,113,0.5904
143,274,0.5904
137,161,0.5904
76,168,0.5903
71,178,0.5903
130,133,0.5902000000000001
74,171,0.5901000000000001
30,106,0.5900000000000001
38,151,0.5900000000000001
145,234,0.5899
17,169,0.5899
47,184,0.5898
105,178,0.5898
92,275,0.5898
44,145,0.5897
199,239,0.5895
53,74,0.5895
13,83,0.5895
27,40,0.5895
40,94,0.5892999999999999
85,111,0.5892999999999999
87,106,0.5892
131,140,0.589
51,53,0.589
25,73,0.589
174,178,0.589
156,157,0.5889
11,188,0.5889
155,274,0.5889
90,145,0.5889
35,158,0.5888
47,159,0.5888
181,214,0.5888
58,191,0.5888
121,210,0.5886
61,158,0.5886
79,88,0.5885
58,72,0.5885
35,261,0.5884
194,198,0.5884
14,133,0.5884
83,133,0.5884
24,41,0.5882000000000001
49,70,0.5880000000000001
27,95,0.5880000000000001
165,237,0.5880000000000001
129,167,0.5877
41,255,0.5877
13,131,0.5873999999999999
188,252,0.5872999999999999
40,80,0.5871
68,164,0.5871
181,234,0.587
218,233,0.587
31,161,0.587
52,193,0.587
47,109,0.5869
156,248,0.5868
67,129,0.5867
9,257,0.5866
141,274,0.5862
67,156,0.5862
15,82,0.5861000000000001
22,56,0.5859
90,106,0.5858
39,129,0.5858
